Date,SMI20
2016-04-18,8044.60009765625
2016-04-19,8152.759765625
2016-04-20,8186.97021484375
2016-04-21,8159.669921875
2016-04-22,8109.43994140625
2016-04-25,8079.89013671875
2016-04-26,8077.18017578125
2016-04-27,8096.759765625
2016-04-28,8099.419921875
2016-04-29,7960.85009765625
2016-05-02,7977.77001953125
2016-05-03,7850.68017578125
2016-05-04,7752.97021484375
2016-05-06,7735.60009765625
2016-05-09,7824.9501953125
2016-05-10,7934.93017578125
2016-05-11,7937.8798828125
2016-05-12,7885.85009765625
2016-05-13,7925.759765625
2016-05-17,7906.759765625
2016-05-18,7973.93017578125
2016-05-19,7908.7900390625
2016-05-20,7997.2998046875
2016-05-23,8038.4599609375
2016-05-24,8125.240234375
2016-05-25,8167.60986328125
2016-05-26,8229.5498046875
2016-05-27,8292.4501953125
2016-05-30,8277.830078125
2016-05-31,8216.419921875
2016-06-01,8185.52978515625
2016-06-02,8205.8203125
2016-06-03,8148.39990234375
2016-06-06,8165.97998046875
2016-06-07,8215.7802734375
2016-06-08,8143.759765625
2016-06-09,8076.35009765625
2016-06-10,7922.7099609375
2016-06-13,7782.35009765625
2016-06-14,7638.77001953125
2016-06-15,7679.490234375
2016-06-16,7634.66015625
2016-06-17,7713.60986328125
2016-06-20,7900.22021484375
2016-06-21,7935.75
2016-06-22,7972.14013671875
2016-06-23,8023.0498046875
2016-06-24,7747.18017578125
2016-06-27,7594.490234375
2016-06-28,7773.7998046875
2016-06-29,7978.9599609375
2016-06-30,8020.14990234375
2016-07-01,8085.2099609375
2016-07-04,8056.7099609375
2016-07-05,7941.669921875
2016-07-06,7898.2099609375
2016-07-07,7964.22998046875
2016-07-08,8037.93994140625
2016-07-11,8117.10986328125
2016-07-12,8143.1298828125
2016-07-13,8142.330078125
2016-07-14,8174.02001953125
2016-07-15,8156.259765625
2016-07-18,8161.60009765625
2016-07-19,8111.47998046875
2016-07-20,8197.4296875
2016-07-21,8182.4501953125
2016-07-22,8194.73046875
2016-07-25,8194.41015625
2016-07-26,8227.2001953125
2016-07-27,8221.330078125
2016-07-28,8095.06982421875
2016-07-29,8127.2001953125
2016-08-02,8011.240234375
2016-08-03,8010.10009765625
2016-08-04,8081.14013671875
2016-08-05,8194.33984375
2016-08-08,8168.83984375
2016-08-09,8229.419921875
2016-08-10,8208.900390625
2016-08-11,8296.1396484375
2016-08-12,8295.0400390625
2016-08-15,8305.2802734375
2016-08-16,8215.4501953125
2016-08-17,8153.7998046875
2016-08-18,8189.72998046875
2016-08-19,8127.27978515625
2016-08-22,8157.85009765625
2016-08-23,8201.6103515625
2016-08-24,8199.830078125
2016-08-25,8141.27978515625
2016-08-26,8168.31982421875
2016-08-29,8184.08984375
2016-08-30,8236.009765625
2016-08-31,8202.1298828125
2016-09-01,8142.64013671875
2016-09-02,8294.2998046875
2016-09-05,8310.3701171875
2016-09-06,8304.33984375
2016-09-07,8320.990234375
2016-09-08,8315.2001953125
2016-09-09,8264.1298828125
2016-09-12,8206.2001953125
2016-09-13,8174.72998046875
2016-09-14,8162.64990234375
2016-09-15,8184.83984375
2016-09-16,8130.43994140625
2016-09-19,8195.7099609375
2016-09-20,8237.5400390625
2016-09-21,8226.4697265625
2016-09-22,8307.6298828125
2016-09-23,8272.8896484375
2016-09-26,8165.0498046875
2016-09-27,8175.419921875
2016-09-28,8220.0703125
2016-09-29,8164.2001953125
2016-09-30,8139.009765625
2016-10-03,8166.31982421875
2016-10-04,8230.73046875
2016-10-05,8195.23046875
2016-10-06,8170.43994140625
2016-10-07,8124.58984375
2016-10-10,8172.22021484375
2016-10-11,8135.14990234375
2016-10-12,8068.56005859375
2016-10-13,7999.93017578125
2016-10-14,8089.91015625
2016-10-17,8000.9599609375
2016-10-18,8074.68994140625
2016-10-19,8093.77978515625
2016-10-20,8069.27001953125
2016-10-21,8034.85986328125
2016-10-24,7991.8798828125
2016-10-25,7929.8701171875
2016-10-26,7892.77001953125
2016-10-27,7924.39013671875
2016-10-28,7908.56982421875
2016-10-31,7827.740234375
2016-11-01,7761.33984375
2016-11-02,7700.41015625
2016-11-03,7640.93994140625
2016-11-04,7593.2001953125
2016-11-07,7735.22021484375
2016-11-08,7744.02978515625
2016-11-09,7897.83984375
2016-11-10,7928.77001953125
2016-11-11,7880.2900390625
2016-11-14,7896.85009765625
2016-11-15,7909.2001953125
2016-11-16,7914.02001953125
2016-11-17,7964.68017578125
2016-11-18,7904.5498046875
2016-11-21,7849.85986328125
2016-11-22,7741.81982421875
2016-11-23,7752.240234375
2016-11-24,7798.5
2016-11-25,7881.52978515625
2016-11-28,7823.22998046875
2016-11-29,7845.009765625
2016-11-30,7875.18994140625
2016-12-01,7779.10986328125
2016-12-02,7784.009765625
2016-12-05,7845.68017578125
2016-12-06,7912.39013671875
2016-12-07,7930.25
2016-12-08,7953.68017578125
2016-12-09,8099.6298828125
2016-12-12,8040.08984375
2016-12-13,8162.52978515625
2016-12-14,8140.41015625
2016-12-15,8214.2998046875
2016-12-16,8227.7197265625
2016-12-19,8234.490234375
2016-12-20,8243.0
2016-12-21,8233.4501953125
2016-12-22,8237.98046875
2016-12-23,8232.6396484375
2016-12-27,8259.4501953125
2016-12-28,8256.6103515625
2016-12-29,8251.1298828125
2016-12-30,8219.8701171875
2017-01-03,8316.1796875
2017-01-04,8354.8095703125
2017-01-05,8392.490234375
2017-01-06,8417.4599609375
2017-01-09,8424.8603515625
2017-01-10,8449.1904296875
2017-01-11,8427.150390625
2017-01-12,8375.01953125
2017-01-13,8452.1904296875
2017-01-16,8362.599609375
2017-01-17,8304.099609375
2017-01-18,8312.419921875
2017-01-19,8273.080078125
2017-01-20,8275.1298828125
2017-01-23,8229.009765625
2017-01-24,8246.66015625
2017-01-25,8387.5498046875
2017-01-26,8405.48046875
2017-01-27,8379.5703125
2017-01-30,8320.830078125
2017-01-31,8291.6904296875
2017-02-01,8329.169921875
2017-02-02,8276.7001953125
2017-02-03,8350.83984375
2017-02-06,8330.9296875
2017-02-07,8370.1396484375
2017-02-08,8378.73046875
2017-02-09,8437.5400390625
2017-02-10,8456.2197265625
2017-02-13,8462.8798828125
2017-02-14,8426.150390625
2017-02-15,8486.26953125
2017-02-16,8467.51953125
2017-02-17,8506.490234375
2017-02-20,8514.51953125
2017-02-21,8567.1796875
2017-02-22,8585.849609375
2017-02-23,8569.3603515625
2017-02-24,8525.6201171875
2017-02-27,8520.5595703125
2017-02-28,8545.8095703125
2017-03-01,8634.7001953125
2017-03-02,8661.6298828125
2017-03-03,8670.0595703125
2017-03-06,8664.7998046875
2017-03-07,8623.9697265625
2017-03-08,8626.650390625
2017-03-09,8639.7001953125
2017-03-10,8669.9697265625
2017-03-13,8683.0498046875
2017-03-14,8663.5400390625
2017-03-15,8688.8603515625
2017-03-16,8667.48046875
2017-03-17,8698.5302734375
2017-03-20,8695.0400390625
2017-03-21,8614.8603515625
2017-03-22,8567.8798828125
2017-03-23,8628.6396484375
2017-03-24,8613.6396484375
2017-03-27,8594.5400390625
2017-03-28,8597.01953125
2017-03-29,8661.5302734375
2017-03-30,8704.3896484375
2017-03-31,8658.8896484375
2017-04-03,8633.8603515625
2017-04-04,8646.990234375
2017-04-05,8640.509765625
2017-04-06,8638.3701171875
2017-04-07,8640.91015625
2017-04-10,8616.6796875
2017-04-11,8641.5498046875
2017-04-12,8663.76953125
2017-04-13,8629.01953125
2017-04-18,8529.2802734375
2017-04-19,8532.26953125
2017-04-20,8557.8701171875
2017-04-21,8553.990234375
2017-04-24,8711.3203125
2017-04-25,8775.240234375
2017-04-26,8830.2900390625
2017-04-27,8844.7802734375
2017-04-28,8812.669921875
2017-05-02,8868.5595703125
2017-05-03,8891.8896484375
2017-05-04,8980.01953125
2017-05-05,9016.66015625
2017-05-08,9039.6103515625
2017-05-09,9113.830078125
2017-05-10,9089.7998046875
2017-05-11,9064.8798828125
2017-05-12,9123.41015625
2017-05-15,9108.25
2017-05-16,9127.6103515625
2017-05-17,9001.599609375
2017-05-18,8938.3701171875
2017-05-19,9022.509765625
2017-05-22,9084.7802734375
2017-05-23,9061.759765625
2017-05-24,9035.08984375
2017-05-26,9042.0302734375
2017-05-29,9031.9599609375
2017-05-30,9007.5400390625
2017-05-31,9016.6396484375
2017-06-01,9024.919921875
2017-06-02,9043.9599609375
2017-06-06,8908.26953125
2017-06-07,8876.73046875
2017-06-08,8811.6201171875
2017-06-09,8845.849609375
2017-06-12,8807.849609375
2017-06-13,8867.0703125
2017-06-14,8849.400390625
2017-06-15,8853.009765625
2017-06-16,8963.2900390625
2017-06-19,9030.2998046875
2017-06-20,9023.5498046875
2017-06-21,8985.6103515625
2017-06-22,9051.26953125
2017-06-23,9032.8896484375
2017-06-26,9121.2197265625
2017-06-27,9072.919921875
2017-06-28,9076.73046875
2017-06-29,8944.0400390625
2017-06-30,8906.8896484375
2017-07-03,9009.8095703125
2017-07-04,8971.400390625
2017-07-05,8954.099609375
2017-07-06,8886.9501953125
2017-07-07,8883.26953125
2017-07-10,8943.83984375
2017-07-11,8874.0703125
2017-07-12,9015.599609375
2017-07-13,9003.5703125
2017-07-14,9034.5703125
2017-07-17,9038.650390625
2017-07-18,8977.98046875
2017-07-19,9024.3203125
2017-07-20,9027.3701171875
2017-07-21,8938.6796875
2017-07-24,8898.23046875
2017-07-25,8937.900390625
2017-07-26,8990.33984375
2017-07-27,9017.7900390625
2017-07-28,9019.3095703125
2017-07-31,9055.0
2017-08-02,9122.6796875
2017-08-03,9136.6103515625
2017-08-04,9176.990234375
2017-08-07,9155.1298828125
2017-08-08,9162.330078125
2017-08-09,9027.150390625
2017-08-10,8949.8603515625
2017-08-11,8884.0400390625
2017-08-14,9031.26953125
2017-08-15,9012.51953125
2017-08-16,9037.919921875
2017-08-17,8945.400390625
2017-08-18,8874.349609375
2017-08-21,8883.7802734375
2017-08-22,8963.830078125
2017-08-23,8958.490234375
2017-08-24,8943.0400390625
2017-08-25,8906.1796875
2017-08-28,8864.23046875
2017-08-29,8814.5400390625
2017-08-30,8851.259765625
2017-08-31,8925.4501953125
2017-09-01,8941.6201171875
2017-09-04,8864.4599609375
2017-09-05,8869.5595703125
2017-09-06,8859.4697265625
2017-09-07,8906.66015625
2017-09-08,8912.0498046875
2017-09-11,8982.23046875
2017-09-12,9053.6201171875
2017-09-13,9053.830078125
2017-09-14,9071.4296875
2017-09-15,9028.0498046875
2017-09-18,9048.1103515625
2017-09-19,9093.2001953125
2017-09-20,9095.650390625
2017-09-21,9134.1298828125
2017-09-22,9136.7197265625
2017-09-25,9140.4697265625
2017-09-26,9113.650390625
2017-09-27,9098.580078125
2017-09-28,9112.16015625
2017-09-29,9157.4599609375
2017-10-02,9242.150390625
2017-10-03,9283.740234375
2017-10-04,9283.9697265625
2017-10-05,9262.66015625
2017-10-06,9252.1201171875
2017-10-09,9259.33984375
2017-10-10,9267.169921875
2017-10-11,9265.33984375
2017-10-12,9297.33984375
2017-10-13,9311.6904296875
2017-10-16,9274.58984375
2017-10-17,9269.8603515625
2017-10-18,9309.6103515625
2017-10-19,9233.51953125
2017-10-20,9237.1298828125
2017-10-23,9248.490234375
2017-10-24,9194.83984375
2017-10-25,9084.0400390625
2017-10-26,9200.080078125
2017-10-27,9183.419921875
2017-10-30,9175.5
2017-10-31,9242.1796875
2017-11-01,9267.8203125
2017-11-02,9279.650390625
2017-11-03,9322.0498046875
2017-11-06,9288.7802734375
2017-11-07,9220.16015625
2017-11-08,9265.830078125
2017-11-09,9177.8203125
2017-11-10,9134.16015625
2017-11-13,9162.740234375
2017-11-14,9130.48046875
2017-11-15,9089.5498046875
2017-11-16,9146.8203125
2017-11-17,9183.6103515625
2017-11-20,9299.6103515625
2017-11-21,9324.5302734375
2017-11-22,9291.83984375
2017-11-23,9315.5595703125
2017-11-24,9325.599609375
2017-11-27,9264.3896484375
2017-11-28,9320.4404296875
2017-11-29,9304.419921875
2017-11-30,9318.76953125
2017-12-01,9274.5498046875
2017-12-04,9328.6298828125
2017-12-05,9288.919921875
2017-12-06,9309.990234375
2017-12-07,9270.5703125
2017-12-08,9319.16015625
2017-12-11,9314.759765625
2017-12-12,9361.41015625
2017-12-13,9394.5498046875
2017-12-14,9383.01953125
2017-12-15,9394.7099609375
2017-12-18,9452.3203125
2017-12-19,9399.169921875
2017-12-20,9314.830078125
2017-12-21,9424.669921875
2017-12-22,9394.490234375
2017-12-27,9430.4404296875
2017-12-28,9405.7998046875
2017-12-29,9381.8701171875
2018-01-03,9478.919921875
2018-01-04,9509.2802734375
2018-01-05,9556.98046875
2018-01-08,9541.73046875
2018-01-09,9611.6103515625
2018-01-10,9524.9599609375
2018-01-11,9503.849609375
2018-01-12,9546.6103515625
2018-01-15,9537.2802734375
2018-01-16,9464.0498046875
2018-01-17,9440.009765625
2018-01-18,9452.349609375
2018-01-19,9509.76953125
2018-01-22,9529.1298828125
2018-01-23,9551.580078125
2018-01-24,9547.5703125
2018-01-25,9482.9599609375
2018-01-26,9515.5595703125
2018-01-29,9457.26953125
2018-01-30,9433.33984375
2018-01-31,9335.400390625
2018-02-01,9290.919921875
2018-02-02,9220.6904296875
2018-02-05,9100.3896484375
2018-02-06,8836.7099609375
2018-02-07,8975.009765625
2018-02-08,8763.1103515625
2018-02-09,8682.0
2018-02-12,8822.1796875
2018-02-13,8818.2802734375
2018-02-14,8899.099609375
2018-02-15,8917.7998046875
2018-02-16,8986.7197265625
2018-02-19,8908.650390625
2018-02-20,8981.3896484375
2018-02-21,8988.990234375
2018-02-22,8967.4296875
2018-02-23,8948.1904296875
2018-02-26,9026.1103515625
2018-02-27,8992.51953125
2018-02-28,8906.3798828125
2018-03-01,8792.3798828125
2018-03-02,8628.509765625
2018-03-05,8808.3798828125
2018-03-06,8765.8798828125
2018-03-07,8784.83984375
2018-03-08,8896.419921875
2018-03-09,8931.849609375
2018-03-12,8970.740234375
2018-03-13,8880.919921875
2018-03-14,8869.330078125
2018-03-15,8878.98046875
2018-03-16,8882.5302734375
2018-03-19,8811.330078125
2018-03-20,8847.2900390625
2018-03-21,8783.7001953125
2018-03-22,8637.8701171875
2018-03-23,8569.080078125
2018-03-26,8509.2900390625
2018-03-27,8638.419921875
2018-03-28,8756.1201171875
2018-03-29,8740.9697265625
2018-04-03,8630.9296875
2018-04-04,8553.6904296875
2018-04-05,8742.599609375
2018-04-06,8671.0400390625
2018-04-09,8687.080078125
2018-04-10,8755.5703125
2018-04-11,8708.4404296875
2018-04-12,8774.759765625
2018-04-13,8776.169921875
2018-04-16,8726.5400390625
2018-04-17,8820.0400390625
2018-04-18,8831.8798828125
2018-04-19,8833.1796875
2018-04-20,8807.7998046875
2018-04-23,8806.6298828125
2018-04-24,8796.91015625
2018-04-25,8740.9599609375
2018-04-26,8835.0302734375
2018-04-27,8843.01953125
2018-04-30,8886.259765625
2018-05-02,8896.2802734375
2018-05-03,8842.2900390625
2018-05-04,8903.830078125
2018-05-07,8978.650390625
2018-05-08,8944.900390625
2018-05-09,8984.099609375
2018-05-11,8993.509765625
2018-05-14,9000.8896484375
2018-05-15,8994.2197265625
2018-05-16,8973.8798828125
2018-05-17,8988.330078125
2018-05-18,8940.4599609375
2018-05-22,8936.0703125
2018-05-23,8794.9404296875
2018-05-24,8770.9404296875
2018-05-25,8759.080078125
2018-05-28,8775.4501953125
2018-05-29,8637.2001953125
2018-05-30,8578.6796875
2018-05-31,8456.9501953125
2018-06-01,8618.5400390625
2018-06-04,8634.419921875
2018-06-05,8538.3095703125
2018-06-06,8544.990234375
2018-06-07,8548.330078125
2018-06-08,8512.0595703125
2018-06-11,8623.5400390625
2018-06-12,8640.7998046875
2018-06-13,8634.6103515625
2018-06-14,8690.830078125
2018-06-15,8642.599609375
2018-06-18,8519.5703125
2018-06-19,8463.41015625
2018-06-20,8557.509765625
2018-06-21,8459.9296875
2018-06-22,8616.5595703125
2018-06-25,8458.7001953125
2018-06-26,8477.98046875
2018-06-27,8504.5
2018-06-28,8461.7099609375
2018-06-29,8609.2998046875
2018-07-02,8529.58984375
2018-07-03,8625.490234375
2018-07-04,8663.5302734375
2018-07-05,8674.0400390625
2018-07-06,8697.419921875
2018-07-09,8759.919921875
2018-07-10,8768.91015625
2018-07-11,8682.9296875
2018-07-12,8818.1904296875
2018-07-13,8861.0498046875
2018-07-16,8847.9599609375
2018-07-17,8824.669921875
2018-07-18,8938.1201171875
2018-07-19,8933.9697265625
2018-07-20,8991.33984375
2018-07-23,8959.7900390625
2018-07-24,9005.580078125
2018-07-25,9019.4599609375
2018-07-26,9139.4697265625
2018-07-27,9173.2001953125
2018-07-30,9163.3798828125
2018-07-31,9174.330078125
2018-08-02,9155.5703125
2018-08-03,9158.0
2018-08-06,9149.3603515625
2018-08-07,9201.2197265625
2018-08-08,9176.150390625
2018-08-09,9145.6796875
2018-08-10,9031.330078125
2018-08-13,9005.349609375
2018-08-14,9010.1904296875
2018-08-15,8926.23046875
2018-08-16,8997.7197265625
2018-08-17,9003.91015625
2018-08-20,9059.5302734375
2018-08-21,9082.8603515625
2018-08-22,9048.2001953125
2018-08-23,9049.7197265625
2018-08-24,9052.900390625
2018-08-27,9098.7001953125
2018-08-28,9084.259765625
2018-08-29,9083.83984375
2018-08-30,9042.0595703125
2018-08-31,8973.5595703125
2018-09-03,9003.4697265625
2018-09-04,8951.8896484375
2018-09-05,8868.8603515625
2018-09-06,8818.7197265625
2018-09-07,8843.1103515625
2018-09-10,8930.240234375
2018-09-11,8914.9404296875
2018-09-12,8960.1298828125
2018-09-13,8960.080078125
2018-09-14,8970.0
2018-09-17,8936.7099609375
2018-09-18,8915.8701171875
2018-09-19,8939.849609375
2018-09-20,9000.8095703125
2018-09-21,8995.3798828125
2018-09-24,8946.2197265625
2018-09-25,9021.6103515625
2018-09-26,9080.1396484375
2018-09-27,9112.2197265625
2018-09-28,9087.990234375
2018-10-01,9127.0498046875
2018-10-02,9087.3203125
2018-10-03,9175.2099609375
2018-10-04,9097.51953125
2018-10-05,9042.080078125
2018-10-08,8964.1396484375
2018-10-09,8964.1103515625
2018-10-10,8892.8798828125
2018-10-11,8639.1904296875
2018-10-12,8660.3798828125
2018-10-15,8653.16015625
2018-10-16,8794.9697265625
2018-10-17,8750.349609375
2018-10-18,8779.1796875
2018-10-19,8872.08984375
2018-10-22,8865.5595703125
2018-10-23,8767.150390625
2018-10-24,8724.6103515625
2018-10-25,8706.400390625
2018-10-26,8665.7998046875
2018-10-29,8759.6201171875
2018-10-30,8854.2802734375
2018-10-31,9022.16015625
2018-11-01,9017.25
2018-11-02,8992.2998046875
2018-11-05,9008.580078125
2018-11-06,8992.0703125
2018-11-07,9050.5302734375
2018-11-08,9094.900390625
2018-11-09,9074.0302734375
2018-11-12,8984.0498046875
2018-11-13,9015.4296875
2018-11-14,8931.2001953125
2018-11-15,8870.0302734375
2018-11-16,8907.3896484375
2018-11-19,8812.6103515625
2018-11-20,8769.4501953125
2018-11-21,8841.48046875
2018-11-22,8781.2900390625
2018-11-23,8845.900390625
2018-11-26,8931.3701171875
2018-11-27,8898.009765625
2018-11-28,8894.580078125
2018-11-29,9015.58984375
2018-11-30,9037.759765625
2018-12-03,9106.5595703125
2018-12-04,9085.0
2018-12-05,8939.9599609375
2018-12-06,8660.0302734375
2018-12-07,8741.0302734375
2018-12-10,8551.01953125
2018-12-11,8715.080078125
2018-12-12,8861.1396484375
2018-12-13,8814.7001953125
2018-12-14,8713.6796875
2018-12-17,8602.6103515625
2018-12-18,8528.26953125
2018-12-19,8540.16015625
2018-12-20,8414.48046875
2018-12-21,8417.2900390625
2018-12-27,8195.6396484375
2018-12-28,8429.2998046875
2019-01-03,8466.009765625
2019-01-04,8608.5595703125
2019-01-07,8535.9501953125
2019-01-08,8629.48046875
2019-01-09,8687.7099609375
2019-01-10,8801.48046875
2019-01-11,8828.2197265625
2019-01-14,8760.3203125
2019-01-15,8824.73046875
2019-01-16,8873.76953125
2019-01-17,8914.1396484375
2019-01-18,9023.9599609375
2019-01-21,9011.41015625
2019-01-22,8966.33984375
2019-01-23,8957.1904296875
2019-01-24,8937.3896484375
2019-01-25,8922.490234375
2019-01-28,8857.849609375
2019-01-29,8940.51953125
2019-01-30,8965.7099609375
2019-01-31,8969.26953125
2019-02-01,8996.3603515625
2019-02-04,9011.48046875
2019-02-05,9150.5595703125
2019-02-06,9143.0
2019-02-07,9035.900390625
2019-02-08,9003.41015625
2019-02-11,9068.6201171875
2019-02-12,9127.400390625
2019-02-13,9164.0595703125
2019-02-14,9142.7099609375
2019-02-15,9242.1201171875
2019-02-18,9267.4599609375
2019-02-19,9256.169921875
2019-02-20,9315.6298828125
2019-02-21,9333.5703125
2019-02-22,9348.9296875
2019-02-25,9398.3701171875
2019-02-26,9461.2099609375
2019-02-27,9412.1904296875
2019-02-28,9388.9404296875
2019-03-01,9412.01953125
2019-03-04,9394.0498046875
2019-03-05,9399.150390625
2019-03-06,9403.16015625
2019-03-07,9324.580078125
2019-03-08,9268.3603515625
2019-03-11,9341.349609375
2019-03-12,9331.6201171875
2019-03-13,9387.4296875
2019-03-14,9481.900390625
2019-03-15,9483.099609375
2019-03-18,9496.9296875
2019-03-19,9525.919921875
2019-03-20,9463.3203125
2019-03-21,9454.0498046875
2019-03-22,9319.419921875
2019-03-25,9305.5
2019-03-26,9389.2998046875
2019-03-27,9390.58984375
2019-03-28,9405.9296875
2019-03-29,9477.83984375
2019-04-01,9538.1103515625
2019-04-02,9536.5703125
2019-04-03,9570.08984375
2019-04-04,9563.7099609375
2019-04-05,9541.150390625
2019-04-08,9547.330078125
2019-04-09,9582.2197265625
2019-04-10,9556.3095703125
2019-04-11,9549.259765625
2019-04-12,9484.91015625
2019-04-15,9513.7099609375
2019-04-16,9579.849609375
2019-04-17,9596.599609375
2019-04-18,9571.2197265625
2019-04-23,9635.0703125
2019-04-24,9655.669921875
2019-04-25,9694.0595703125
2019-04-26,9724.26953125
2019-04-29,9740.48046875
2019-04-30,9769.740234375
2019-05-02,9746.0595703125
2019-05-03,9741.990234375
2019-05-06,9657.240234375
2019-05-07,9577.3798828125
2019-05-08,9621.9599609375
2019-05-09,9430.2998046875
2019-05-10,9472.830078125
2019-05-13,9363.1796875
2019-05-14,9404.080078125
2019-05-15,9480.759765625
2019-05-16,9660.58984375
2019-05-17,9659.080078125
2019-05-20,9582.080078125
2019-05-21,9624.16015625
2019-05-22,9645.0400390625
2019-05-23,9594.3095703125
2019-05-24,9666.8896484375
2019-05-27,9712.9599609375
2019-05-28,9680.8701171875
2019-05-29,9541.9697265625
2019-05-31,9523.98046875
2019-06-03,9602.73046875
2019-06-04,9597.7099609375
2019-06-05,9658.6201171875
2019-06-06,9682.2900390625
2019-06-07,9749.1298828125
2019-06-11,9835.8701171875
2019-06-12,9859.73046875
2019-06-13,9861.830078125
2019-06-14,9847.6103515625
2019-06-17,9851.5703125
2019-06-18,9988.5498046875
2019-06-19,9961.650390625
2019-06-20,9978.51953125
2019-06-21,9922.830078125
2019-06-24,9898.849609375
2019-06-25,9898.900390625
2019-06-26,9838.1298828125
2019-06-27,9859.759765625
2019-06-28,9898.240234375
2019-07-01,9970.0
2019-07-02,10020.9296875
2019-07-03,10066.5302734375
2019-07-04,10066.48046875
2019-07-05,9980.2197265625
2019-07-08,9994.099609375
2019-07-09,9961.33984375
2019-07-10,9937.5595703125
2019-07-11,9879.5302734375
2019-07-12,9762.98046875
2019-07-15,9808.580078125
2019-07-16,9850.51953125
2019-07-17,9942.009765625
2019-07-18,10010.150390625
2019-07-19,9937.0302734375
2019-07-22,9922.3701171875
2019-07-23,9965.150390625
2019-07-24,9907.6796875
2019-07-25,9877.0302734375
2019-07-26,9968.080078125
2019-07-29,9970.8701171875
2019-07-30,9890.900390625
2019-07-31,9919.26953125
2019-08-02,9803.6904296875
2019-08-05,9599.4296875
2019-08-06,9553.8798828125
2019-08-07,9533.98046875
2019-08-08,9751.5498046875
2019-08-09,9749.919921875
2019-08-12,9760.01953125
2019-08-13,9786.240234375
2019-08-14,9628.48046875
2019-08-15,9606.259765625
2019-08-16,9728.3896484375
2019-08-19,9825.58984375
2019-08-20,9770.3896484375
2019-08-21,9848.1103515625
2019-08-22,9805.5
2019-08-23,9744.98046875
2019-08-26,9715.830078125
2019-08-27,9786.080078125
2019-08-28,9758.1904296875
2019-08-29,9838.48046875
2019-08-30,9895.650390625
2019-09-02,9924.5400390625
2019-09-03,9852.7001953125
2019-09-04,9894.599609375
2019-09-05,9983.0703125
2019-09-06,10073.8203125
2019-09-09,10059.3701171875
2019-09-10,10020.48046875
2019-09-11,10098.58984375
2019-09-12,10094.08984375
2019-09-13,10047.33984375
2019-09-16,9969.1904296875
2019-09-17,10013.8203125
2019-09-18,10018.83984375
2019-09-19,10064.4599609375
2019-09-20,10056.830078125
2019-09-23,9997.3896484375
2019-09-24,9991.3095703125
2019-09-25,9914.8203125
2019-09-26,10010.7099609375
2019-09-27,10037.8095703125
2019-09-30,10078.3203125
2019-10-01,9952.5
2019-10-02,9757.2802734375
2019-10-03,9760.4404296875
2019-10-04,9827.7197265625
2019-10-07,9914.0595703125
2019-10-08,9800.240234375
2019-10-09,9830.0498046875
2019-10-10,9903.01953125
2019-10-11,10017.3896484375
2019-10-14,9964.240234375
2019-10-15,10048.75
2019-10-16,10032.490234375
2019-10-17,10008.9404296875
2019-10-18,9965.490234375
2019-10-21,9991.419921875
2019-10-22,10017.349609375
2019-10-23,10023.51953125
2019-10-24,10106.5302734375
2019-10-25,10197.08984375
2019-10-28,10231.7998046875
2019-10-29,10257.6904296875
2019-10-30,10254.9501953125
2019-10-31,10219.8203125
2019-11-01,10252.240234375
2019-11-04,10337.0703125
2019-11-05,10272.98046875
2019-11-06,10318.099609375
2019-11-07,10326.7802734375
2019-11-08,10309.23046875
2019-11-11,10305.26953125
2019-11-12,10314.16015625
2019-11-13,10299.2197265625
2019-11-14,10233.23046875
2019-11-15,10310.1201171875
2019-11-18,10347.1796875
2019-11-19,10366.01953125
2019-11-20,10385.740234375
2019-11-21,10338.349609375
2019-11-22,10369.4404296875
2019-11-25,10468.6201171875
2019-11-26,10506.9296875
2019-11-27,10529.259765625
2019-11-28,10529.1396484375
2019-11-29,10493.240234375
2019-12-02,10346.9599609375
2019-12-03,10232.9296875
2019-12-04,10334.5595703125
2019-12-05,10363.5
2019-12-06,10463.8798828125
2019-12-09,10434.8896484375
2019-12-10,10390.5302734375
2019-12-11,10405.3095703125
2019-12-12,10451.3603515625
2019-12-13,10429.26953125
2019-12-16,10541.669921875
2019-12-17,10538.8896484375
2019-12-18,10556.740234375
2019-12-19,10575.150390625
2019-12-20,10679.3701171875
2019-12-23,10724.33984375
2019-12-27,10730.150390625
2019-12-30,10616.9404296875
2020-01-03,10699.8203125
2020-01-06,10665.41015625
2020-01-07,10683.669921875
2020-01-08,10652.16015625
2020-01-09,10650.9697265625
2020-01-10,10639.490234375
2020-01-13,10622.41015625
2020-01-14,10655.8203125
2020-01-15,10670.740234375
2020-01-16,10693.51953125
2020-01-17,10841.8203125
2020-01-20,10846.2900390625
2020-01-21,10884.509765625
2020-01-22,10895.0703125
2020-01-23,10813.9404296875
2020-01-24,10849.75
2020-01-27,10675.9599609375
2020-01-28,10781.98046875
2020-01-29,10859.8798828125
2020-01-30,10748.919921875
2020-01-31,10627.8798828125
2020-02-03,10664.9501953125
2020-02-04,10800.6396484375
2020-02-05,10994.150390625
2020-02-06,11012.3603515625
2020-02-07,11001.5302734375
2020-02-10,11039.7802734375
2020-02-11,11101.169921875
2020-02-12,11089.240234375
2020-02-13,11092.349609375
2020-02-14,11128.8095703125
2020-02-17,11168.4501953125
2020-02-18,11146.2802734375
2020-02-19,11263.009765625
2020-02-20,11154.5302734375
2020-02-21,11110.7802734375
2020-02-24,10712.83984375
2020-02-25,10478.509765625
2020-02-26,10512.150390625
2020-02-27,10205.4599609375
2020-02-28,9831.0302734375
2020-03-02,9950.830078125
2020-03-03,10087.400390625
2020-03-04,10251.3896484375
2020-03-05,10143.5703125
2020-03-06,9736.8203125
2020-03-09,9196.599609375
2020-03-10,9195.9296875
2020-03-11,9152.5
2020-03-12,8270.4404296875
2020-03-13,8367.5595703125
2020-03-16,8227.080078125
2020-03-17,8493.0400390625
2020-03-18,8338.740234375
2020-03-19,8782.240234375
2020-03-20,8623.8603515625
2020-03-23,8160.7900390625
2020-03-24,8733.3203125
2020-03-25,8989.16015625
2020-03-26,9203.98046875
2020-03-27,8996.3701171875
2020-03-30,9174.3896484375
2020-03-31,9311.919921875
2020-04-01,9168.98046875
2020-04-02,9270.9599609375
2020-04-03,9242.4404296875
2020-04-06,9462.33984375
2020-04-07,9514.599609375
2020-04-08,9432.3896484375
2020-04-09,9452.830078125
2020-04-14,9538.6103515625
2020-04-15,9320.2001953125
2020-04-16,9439.91015625
2020-04-17,9612.830078125
2020-04-20,9785.26953125
2020-04-21,9547.849609375
2020-04-22,9630.5595703125
2020-04-23,9625.48046875
2020-04-24,9625.650390625
2020-04-27,9758.8203125
2020-04-28,9889.4599609375
2020-04-29,9865.3203125
2020-04-30,9629.400390625
2020-05-04,9390.26953125
2020-05-05,9512.169921875
2020-05-06,9571.7001953125
2020-05-07,9617.98046875
2020-05-08,9665.349609375
2020-05-11,9689.7099609375
2020-05-12,9733.5302734375
2020-05-13,9631.6201171875
2020-05-14,9448.1396484375
2020-05-15,9483.099609375
2020-05-18,9740.76953125
2020-05-19,9764.23046875
2020-05-20,9790.849609375
2020-05-22,9688.990234375
2020-05-25,9824.5400390625
2020-05-26,9830.830078125
2020-05-27,9716.51953125
2020-05-28,9926.0302734375
2020-05-29,9831.490234375
2020-06-02,9951.4501953125
2020-06-03,10183.76953125
2020-06-04,10075.6796875
2020-06-05,10190.3701171875
2020-06-08,10152.76953125
2020-06-09,10184.8203125
2020-06-10,10147.1796875
2020-06-11,9828.580078125
2020-06-12,9796.3701171875
2020-06-15,9842.5595703125
2020-06-16,10034.2900390625
2020-06-17,10202.1904296875
2020-06-18,10186.5
2020-06-19,10266.2900390625
2020-06-22,10151.1298828125
2020-06-23,10246.5595703125
2020-06-24,10021.990234375
2020-06-25,10089.830078125
2020-06-26,10041.91015625
2020-06-29,10060.4599609375
2020-06-30,10045.2998046875
2020-07-01,10089.669921875
2020-07-02,10187.5595703125
2020-07-03,10125.83984375
2020-07-06,10253.3798828125
2020-07-07,10207.9599609375
2020-07-08,10178.41015625
2020-07-09,10143.3798828125
2020-07-10,10229.9697265625
2020-07-13,10300.9599609375
2020-07-14,10259.5
2020-07-15,10460.009765625
2020-07-16,10433.4296875
2020-07-17,10410.51953125
2020-07-20,10470.919921875
2020-07-21,10444.0498046875
2020-07-22,10439.0400390625
2020-07-23,10383.3798828125
2020-07-24,10214.2099609375
2020-07-27,10272.33984375
2020-07-28,10277.2001953125
2020-07-29,10272.8095703125
2020-07-30,10095.33984375
2020-07-31,10005.900390625
2020-08-03,10229.669921875
2020-08-04,10162.0400390625
2020-08-05,10097.9697265625
2020-08-06,10067.1298828125
2020-08-07,10068.0302734375
2020-08-10,10090.91015625
2020-08-11,10153.240234375
2020-08-12,10278.66015625
2020-08-13,10260.1103515625
2020-08-14,10163.599609375
2020-08-17,10228.0595703125
2020-08-18,10168.400390625
2020-08-19,10310.009765625
2020-08-20,10229.919921875
2020-08-21,10218.2001953125
2020-08-24,10308.3896484375
2020-08-25,10231.25
2020-08-26,10309.650390625
2020-08-27,10240.4599609375
2020-08-28,10164.490234375
2020-08-31,10135.5595703125
2020-09-01,10188.849609375
2020-09-02,10384.83984375
2020-09-03,10220.6396484375
2020-09-04,10153.08984375
2020-09-07,10297.7998046875
2020-09-08,10250.4404296875
2020-09-09,10406.5703125
2020-09-10,10387.4404296875
2020-09-11,10439.51953125
2020-09-14,10457.4296875
2020-09-15,10520.0
2020-09-16,10552.0400390625
2020-09-17,10519.330078125
2020-09-18,10539.169921875
2020-09-21,10325.4404296875
2020-09-22,10355.5703125
2020-09-23,10330.0595703125
2020-09-24,10211.5302734375
2020-09-25,10216.2802734375
2020-09-28,10308.669921875
2020-09-29,10229.2998046875
2020-09-30,10187.0
2020-10-01,10238.1201171875
2020-10-02,10252.400390625
2020-10-05,10303.0595703125
2020-10-06,10233.16015625
2020-10-07,10187.8798828125
2020-10-08,10270.240234375
2020-10-09,10320.0302734375
2020-10-12,10364.099609375
2020-10-13,10336.3603515625
2020-10-14,10292.66015625
2020-10-15,10067.9599609375
2020-10-16,10207.1298828125
2020-10-19,10184.3603515625
2020-10-20,10146.23046875
2020-10-21,9989.75
2020-10-22,9999.0498046875
2020-10-23,10023.900390625
2020-10-26,9985.6201171875
2020-10-27,9887.490234375
2020-10-28,9618.650390625
2020-10-29,9556.1396484375
2020-10-30,9587.150390625
2020-11-02,9791.6796875
2020-11-03,10003.8203125
2020-11-04,10286.7900390625
2020-11-05,10306.349609375
2020-11-06,10322.5703125
2020-11-09,10417.990234375
2020-11-10,10360.6904296875
2020-11-11,10532.26953125
2020-11-12,10496.2001953125
2020-11-13,10492.6103515625
2020-11-16,10586.740234375
2020-11-17,10565.1201171875
2020-11-18,10563.8896484375
2020-11-19,10490.76953125
2020-11-20,10495.650390625
2020-11-23,10464.400390625
2020-11-24,10491.58984375
2020-11-25,10488.26953125
2020-11-26,10497.7900390625
2020-11-27,10501.1796875
2020-11-30,10476.4296875
2020-12-01,10449.2099609375
2020-12-02,10435.3603515625
2020-12-03,10342.6298828125
2020-12-04,10364.5
2020-12-07,10375.3798828125
2020-12-08,10394.099609375
2020-12-09,10430.01953125
2020-12-10,10395.9599609375
2020-12-11,10391.759765625
2020-12-14,10373.0302734375
2020-12-15,10341.1796875
2020-12-16,10456.7802734375
2020-12-17,10540.3603515625
2020-12-18,10523.8603515625
2020-12-21,10305.51953125
2020-12-22,10403.3701171875
2020-12-23,10411.919921875
2020-12-28,10603.490234375
2020-12-29,10682.0400390625
2020-12-30,10703.509765625
2021-01-05,10694.08984375
2021-01-06,10747.080078125
2021-01-07,10778.669921875
2021-01-08,10797.990234375
2021-01-11,10870.419921875
2021-01-12,10875.25
2021-01-13,10846.8798828125
2021-01-14,10850.8095703125
2021-01-15,10877.0595703125
2021-01-18,10888.5400390625
2021-01-19,10876.98046875
2021-01-20,10945.4599609375
2021-01-21,10913.1103515625
2021-01-25,10925.7001953125
2021-01-26,10964.0498046875
2021-01-27,10904.240234375
2021-01-28,10849.8203125
2021-01-29,10591.0595703125
2021-02-01,10740.2197265625
2021-02-02,10803.5703125
2021-02-03,10775.6796875
2021-02-04,10860.9501953125
2021-02-05,10755.4697265625
2021-02-08,10778.830078125
2021-02-09,10803.669921875
2021-02-10,10825.75
2021-02-11,10852.91015625
2021-02-12,10880.3701171875
2021-02-16,10907.599609375
2021-02-18,10717.7099609375
2021-02-19,10704.75
2021-02-22,10697.3798828125
2021-02-23,10609.0302734375
2021-02-24,10727.7001953125
2021-02-25,10658.8701171875
2021-02-26,10522.2197265625
2021-03-01,10706.58984375
2021-03-02,10817.150390625
2021-03-04,10750.08984375
2021-03-05,10607.7900390625
2021-03-08,10830.3798828125
2021-03-09,10857.9697265625
2021-03-10,10909.76953125
2021-03-11,10883.23046875
2021-03-12,10839.9296875
2021-03-15,10867.330078125
2021-03-16,10944.48046875
2021-03-17,10922.490234375
2021-03-18,10973.759765625
2021-03-19,10967.3701171875
2021-03-22,11048.580078125
2021-03-23,11098.66015625
2021-03-24,11063.8701171875
2021-03-25,11098.8095703125
2021-03-26,11116.8095703125
2021-03-29,11089.599609375
2021-03-30,11121.419921875
2021-03-31,11047.3701171875
2021-04-01,11118.0302734375
2021-04-06,11182.9501953125
2021-04-07,11128.1796875
2021-04-08,11206.8798828125
2021-04-09,11238.51953125
2021-04-12,11181.349609375
2021-04-13,11122.3701171875
2021-04-14,11156.2099609375
2021-04-15,11198.7001953125
2021-04-16,11262.9697265625
